{"beacon_id": "f3b47d22-1654-44d2-9e33-e47e0cd31c60", "beacon_lat": 16307.963816, "beacon_lon": 16307.963816, "route_segment_id": "31323033-392e-3300-0000-00000000903f", "timestamp": 1564785438, "transport_id": "18", "number_of_vehicles": 1, "lat_1": 0.000000, "lon_1": 0.000000, "lat_2": 0.000000, "lon_2": 0.000000}
{"beacon_id": "f3b47d22-1654-44d2-9e33-e47e0cd31c60", "beacon_lat": 32571.419783, "beacon_lon": 32571.419783, "route_segment_id": "32323136-362e-3100-0000-00000000a03f", "timestamp": 1564785438, "transport_id": "18", "number_of_vehicles": 1, "lat_1": 0.000000, "lon_1": 0.000000, "lat_2": 0.000000, "lon_2": 0.000000}
{"beacon_id": "f3b47d22-1654-44d2-9e33-e47e0cd31c60", "beacon_lat": 48834.876319, "beacon_lon": 48834.876319, "route_segment_id": "38343839-2e32-3400-0000-00000000803f", "timestamp": 1564785438, "transport_id": "18", "number_of_vehicles": 1, "lat_1": 0.000000, "lon_1": 0.000000, "lat_2": 0.000000, "lon_2": 0.000000}
{"beacon_id": "f3b47d22-1654-44d2-9e33-e47e0cd31c60", "beacon_lat": 65098.331718, "beacon_lon": 65098.331718, "route_segment_id": "31333232-322e-3800-0000-00000000903f", "timestamp": 1564785438, "transport_id": "18", "number_of_vehicles": 1, "lat_1": 0.000000, "lon_1": 0.000000, "lat_2": 0.000000, "lon_2": 0.000000}
{"beacon_id": "f3b47d22-1654-44d2-9e33-e47e0cd31c60", "beacon_lat": 81361.787685, "beacon_lon": 81361.787685, "route_segment_id": "31363834-317f-0000-0000-00000000903f", "timestamp": 1564785438, "transport_id": "18", "number_of_vehicles": 1, "lat_1": 0.000000, "lon_1": 0.000000, "lat_2": 0.000000, "lon_2": 0.000000}
{"beacon_id": "f3b47d22-1654-44d2-9e33-e47e0cd31c60", "beacon_lat": 97625.242107, "beacon_lon": 97625.242107, "route_segment_id": "31353237-317f-0000-0000-00000000903f", "timestamp": 1564785438, "transport_id": "18", "number_of_vehicles": 1, "lat_1": 0.000000, "lon_1": 0.000000, "lat_2": 0.000000, "lon_2": 0.000000}
{"beacon_id": "f3b47d22-1654-44d2-9e33-e47e0cd31c60", "beacon_lat": 113888.699620, "beacon_lon": 113888.699620, "route_segment_id": "31363535-322e-3100-0000-00000000903f", "timestamp": 1564785438, "transport_id": "18", "number_of_vehicles": 1, "lat_1": 0.000000, "lon_1": 0.000000, "lat_2": 0.000000, "lon_2": 0.000000}
{"beacon_id": "f3b47d22-1654-44d2-9e33-e47e0cd31c60", "beacon_lat": 130152.154042, "beacon_lon": 130152.154042, "route_segment_id": "32323039-392e-3300-0000-00000000a03f", "timestamp": 1564785438, "transport_id": "18", "number_of_vehicles": 1, "lat_1": 0.000000, "lon_1": 0.000000, "lat_2": 0.000000, "lon_2": 0.000000}
